{
    "strip_lab_values": {
        "1": [
            [
                106.32455357142857,
                129.22745535714284,
                117.53169642857142
            ],
            [
                106.32455357142857,
                129.22745535714284,
                117.53169642857142
            ],
            [
                106.32455357142857,
                129.22745535714284,
                117.53169642857142
            ],
            [
                106.32455357142857,
                129.22745535714284,
                117.53169642857142
            ],
            [
                106.32455357142857,
                129.22745535714284,
                117.53169642857142
            ],
            [
                106.32455357142857,
                129.22745535714284,
                117.53169642857142
            ],
            [
                106.32455357142857,
                129.22745535714284,
                117.53169642857142
            ]
        ],
        "2": [
            [
                115.04375,
                129.58883928571427,
                116.85044642857143
            ],
            [
                115.04375,
                129.58883928571427,
                116.85044642857143
            ],
            [
                115.04375,
                129.58883928571427,
                116.85044642857143
            ],
            [
                115.04375,
                129.58883928571427,
                116.85044642857143
            ],
            [
                115.04375,
                129.58883928571427,
                116.85044642857143
            ],
            [
                115.04375,
                129.58883928571427,
                116.85044642857143
            ],
            [
                115.04375,
                129.58883928571427,
                116.85044642857143
            ]
        ],
        "3": [
            [
                124.65491071428572,
                129.88616071428572,
                116.75691964285714
            ],
            [
                124.65491071428572,
                129.88616071428572,
                116.75691964285714
            ],
            [
                124.65491071428572,
                129.88616071428572,
                116.75691964285714
            ],
            [
                124.65491071428572,
                129.88616071428572,
                116.75691964285714
            ],
            [
                124.65491071428572,
                129.88616071428572,
                116.75691964285714
            ],
            [
                124.65491071428572,
                129.88616071428572,
                116.75691964285714
            ],
            [
                124.65491071428572,
                129.88616071428572,
                116.75691964285714
            ]
        ],
        "4": [
            [
                127.72433035714286,
                130.01941964285714,
                117.84955357142857
            ],
            [
                127.72433035714286,
                130.01941964285714,
                117.84955357142857
            ],
            [
                127.72433035714286,
                130.01941964285714,
                117.84955357142857
            ],
            [
                127.72433035714286,
                130.01941964285714,
                117.84955357142857
            ],
            [
                127.72433035714286,
                130.01941964285714,
                117.84955357142857
            ],
            [
                127.72433035714286,
                130.01941964285714,
                117.84955357142857
            ],
            [
                127.72433035714286,
                130.01941964285714,
                117.84955357142857
            ]
        ],
        "5": [
            [
                128.67678571428573,
                130.12120535714286,
                117.80401785714285
            ],
            [
                128.67678571428573,
                130.12120535714286,
                117.80401785714285
            ],
            [
                128.67678571428573,
                130.12120535714286,
                117.80401785714285
            ],
            [
                128.67678571428573,
                130.12120535714286,
                117.80401785714285
            ],
            [
                128.67678571428573,
                130.12120535714286,
                117.80401785714285
            ],
            [
                128.67678571428573,
                130.12120535714286,
                117.80401785714285
            ],
            [
                128.67678571428573,
                130.12120535714286,
                117.80401785714285
            ]
        ],
        "6": [
            [
                125.44754464285714,
                129.88973214285716,
                117.55915178571429
            ],
            [
                125.44754464285714,
                129.88973214285716,
                117.55915178571429
            ],
            [
                125.44754464285714,
                129.88973214285716,
                117.55915178571429
            ],
            [
                125.44754464285714,
                129.88973214285716,
                117.55915178571429
            ],
            [
                125.44754464285714,
                129.88973214285716,
                117.55915178571429
            ],
            [
                125.44754464285714,
                129.88973214285716,
                117.55915178571429
            ],
            [
                125.44754464285714,
                129.88973214285716,
                117.55915178571429
            ]
        ],
        "7": [
            [
                122.61026785714286,
                129.59330357142858,
                118.34263392857143
            ],
            [
                122.61026785714286,
                129.59330357142858,
                118.34263392857143
            ],
            [
                122.61026785714286,
                129.59330357142858,
                118.34263392857143
            ],
            [
                122.61026785714286,
                129.59330357142858,
                118.34263392857143
            ],
            [
                122.61026785714286,
                129.59330357142858,
                118.34263392857143
            ],
            [
                122.61026785714286,
                129.59330357142858,
                118.34263392857143
            ],
            [
                122.61026785714286,
                129.59330357142858,
                118.34263392857143
            ]
        ],
        "8": [
            [
                117.15736607142857,
                129.87120535714286,
                116.84375
            ],
            [
                117.15736607142857,
                129.87120535714286,
                116.84375
            ],
            [
                117.15736607142857,
                129.87120535714286,
                116.84375
            ],
            [
                117.15736607142857,
                129.87120535714286,
                116.84375
            ],
            [
                117.15736607142857,
                129.87120535714286,
                116.84375
            ],
            [
                117.15736607142857,
                129.87120535714286,
                116.84375
            ],
            [
                117.15736607142857,
                129.87120535714286,
                116.84375
            ]
        ]
    }
}