{
    "strip_lab_values": {
        "1": [
            [
                8.2125,
                128.23839285714286,
                127.07633928571428
            ],
            [
                8.803794642857143,
                128.37857142857143,
                126.87410714285714
            ],
            [
                8.346875,
                128.25669642857142,
                127.21964285714286
            ],
            [
                10.220758928571428,
                128.82857142857142,
                126.17723214285714
            ],
            [
                8.991294642857143,
                128.41473214285713,
                126.7796875
            ],
            [
                10.895089285714286,
                128.8267857142857,
                126.1140625
            ],
            [
                9.347991071428572,
                128.52723214285714,
                126.51919642857143
            ]
        ],
        "2": [
            [
                8.99955357142857,
                128.42098214285716,
                126.86919642857143
            ],
            [
                8.803794642857143,
                128.37857142857143,
                126.87410714285714
            ],
            [
                8.346875,
                128.25669642857142,
                127.21964285714286
            ],
            [
                10.220758928571428,
                128.82857142857142,
                126.17723214285714
            ],
            [
                8.991294642857143,
                128.41473214285713,
                126.7796875
            ],
            [
                10.895089285714286,
                128.8267857142857,
                126.1140625
            ],
            [
                9.347991071428572,
                128.52723214285714,
                126.51919642857143
            ]
        ],
        "3": [
            [
                8.958035714285714,
                128.42767857142857,
                126.86517857142857
            ],
            [
                8.803794642857143,
                128.37857142857143,
                126.87410714285714
            ],
            [
                8.346875,
                128.25669642857142,
                127.21964285714286
            ],
            [
                10.220758928571428,
                128.82857142857142,
                126.17723214285714
            ],
            [
                8.991294642857143,
                128.41473214285713,
                126.7796875
            ],
            [
                10.895089285714286,
                128.8267857142857,
                126.1140625
            ],
            [
                9.347991071428572,
                128.52723214285714,
                126.51919642857143
            ]
        ],
        "4": [
            [
                8.99955357142857,
                128.42098214285716,
                126.86919642857143
            ],
            [
                8.803794642857143,
                128.37857142857143,
                126.87410714285714
            ],
            [
                8.346875,
                128.25669642857142,
                127.21964285714286
            ],
            [
                10.220758928571428,
                128.82857142857142,
                126.17723214285714
            ],
            [
                8.991294642857143,
                128.41473214285713,
                126.7796875
            ],
            [
                10.895089285714286,
                128.8267857142857,
                126.1140625
            ],
            [
                9.347991071428572,
                128.52723214285714,
                126.51919642857143
            ]
        ],
        "5": [
            [
                8.99955357142857,
                128.42098214285716,
                126.86919642857143
            ],
            [
                8.803794642857143,
                128.37857142857143,
                126.87410714285714
            ],
            [
                8.346875,
                128.25669642857142,
                127.21964285714286
            ],
            [
                10.220758928571428,
                128.82857142857142,
                126.17723214285714
            ],
            [
                8.991294642857143,
                128.41473214285713,
                126.7796875
            ],
            [
                10.895089285714286,
                128.8267857142857,
                126.1140625
            ],
            [
                9.347991071428572,
                128.52723214285714,
                126.51919642857143
            ]
        ],
        "6": [
            [
                8.958035714285714,
                128.42767857142857,
                126.86517857142857
            ],
            [
                8.803794642857143,
                128.37857142857143,
                126.87410714285714
            ],
            [
                8.346875,
                128.25669642857142,
                127.21964285714286
            ],
            [
                10.220758928571428,
                128.82857142857142,
                126.17723214285714
            ],
            [
                8.991294642857143,
                128.41473214285713,
                126.7796875
            ],
            [
                10.895089285714286,
                128.8267857142857,
                126.1140625
            ],
            [
                9.347991071428572,
                128.52723214285714,
                126.51919642857143
            ]
        ],
        "7": [
            [
                8.99955357142857,
                128.42098214285716,
                126.86919642857143
            ],
            [
                8.803794642857143,
                128.37857142857143,
                126.87410714285714
            ],
            [
                8.346875,
                128.25669642857142,
                127.21964285714286
            ],
            [
                10.220758928571428,
                128.82857142857142,
                126.17723214285714
            ],
            [
                8.991294642857143,
                128.41473214285713,
                126.7796875
            ],
            [
                10.895089285714286,
                128.8267857142857,
                126.1140625
            ],
            [
                9.347991071428572,
                128.52723214285714,
                126.51919642857143
            ]
        ],
        "8": [
            [
                8.99955357142857,
                128.42098214285716,
                126.86919642857143
            ],
            [
                8.803794642857143,
                128.37857142857143,
                126.87410714285714
            ],
            [
                8.346875,
                128.25669642857142,
                127.21964285714286
            ],
            [
                10.220758928571428,
                128.82857142857142,
                126.17723214285714
            ],
            [
                8.991294642857143,
                128.41473214285713,
                126.7796875
            ],
            [
                10.895089285714286,
                128.8267857142857,
                126.1140625
            ],
            [
                9.347991071428572,
                128.52723214285714,
                126.51919642857143
            ]
        ]
    }
}