{
    "strip_lab_values": {
        "1": [
            [
                140.58303571428573,
                129.72120535714285,
                128.48392857142858
            ],
            [
                139.42366071428572,
                129.50245535714285,
                128.21785714285716
            ],
            [
                140.58080357142856,
                129.653125,
                128.4674107142857
            ],
            [
                140.68950892857143,
                129.61540178571428,
                128.4265625
            ],
            [
                141.59732142857143,
                129.70245535714287,
                128.47857142857143
            ]
        ],
        "2": [
            [
                164.09017857142857,
                129.99174107142858,
                128.8205357142857
            ],
            [
                165.70982142857142,
                129.96629464285715,
                128.709375
            ],
            [
                164.16584821428572,
                130.09620535714285,
                128.9
            ],
            [
                163.6939732142857,
                129.86138392857143,
                128.7107142857143
            ],
            [
                164.46428571428572,
                130.03839285714287,
                128.84665178571427
            ]
        ],
        "3": [
            [
                139.68571428571428,
                129.63638392857143,
                128.44464285714287
            ],
            [
                141.2359375,
                129.4142857142857,
                128.20892857142857
            ],
            [
                140.58080357142856,
                129.653125,
                128.4674107142857
            ],
            [
                141.0482142857143,
                129.67678571428573,
                128.4439732142857
            ],
            [
                141.05290178571428,
                129.62388392857142,
                128.43303571428572
            ]
        ],
        "4": [],
        "5": [],
        "6": [],
        "7": [],
        "8": []
    }
}