{
    "strip_lab_values": {
        "1": [
            [
                199.35535714285714,
                130.85669642857144,
                125.87924107142857
            ],
            [
                202.40111607142856,
                130.77254464285716,
                126.09375
            ],
            [
                201.3814732142857,
                130.79441964285715,
                126.01897321428571
            ],
            [
                200.48995535714286,
                130.83638392857142,
                126.10535714285714
            ],
            [
                201.83816964285714,
                130.78191964285713,
                126.13035714285714
            ]
        ],
        "2": [
            [
                199.35535714285714,
                130.85669642857144,
                125.87924107142857
            ],
            [
                202.40111607142856,
                130.77254464285716,
                126.09375
            ],
            [
                201.3814732142857,
                130.79441964285715,
                126.01897321428571
            ],
            [
                200.48995535714286,
                130.83638392857142,
                126.10535714285714
            ],
            [
                201.83816964285714,
                130.78191964285713,
                126.13035714285714
            ]
        ],
        "3": [
            [
                199.35535714285714,
                130.85669642857144,
                125.87924107142857
            ],
            [
                202.40111607142856,
                130.77254464285716,
                126.09375
            ],
            [
                198.37946428571428,
                130.77522321428572,
                125.94375
            ],
            [
                200.48995535714286,
                130.83638392857142,
                126.10535714285714
            ],
            [
                199.08102678571427,
                130.77008928571428,
                126.06495535714286
            ]
        ],
        "4": [],
        "5": [],
        "6": [],
        "7": [],
        "8": []
    }
}