{
    "strip_lab_values": {
        "1": [
            [
                141.48147321428573,
                133.69620535714284,
                128.79642857142858
            ],
            [
                119.08013392857143,
                130.34129464285715,
                126.58526785714285
            ],
            [
                120.73169642857142,
                130.49174107142858,
                126.54263392857143
            ],
            [
                137.4997767857143,
                132.00267857142856,
                126.63660714285714
            ],
            [
                118.51116071428571,
                130.52276785714287,
                126.65290178571429
            ],
            [
                124.03325892857143,
                130.52834821428573,
                126.55022321428571
            ],
            [
                142.0325892857143,
                132.2578125,
                127.40178571428571
            ]
        ],
        "2": [
            [
                141.45491071428572,
                133.88995535714287,
                128.99665178571428
            ],
            [
                118.59107142857142,
                130.43549107142857,
                126.6796875
            ],
            [
                121.21026785714285,
                130.6247767857143,
                126.67321428571428
            ],
            [
                137.7140625,
                132.121875,
                126.8421875
            ],
            [
                118.21696428571428,
                130.58660714285713,
                126.7234375
            ],
            [
                124.21741071428572,
                130.634375,
                126.65714285714286
            ],
            [
                142.36049107142858,
                132.4796875,
                127.5984375
            ]
        ],
        "3": [
            [
                141.45491071428572,
                133.88995535714287,
                128.99665178571428
            ],
            [
                118.6625,
                130.5453125,
                126.81875
            ],
            [
                121.21026785714285,
                130.6247767857143,
                126.67321428571428
            ],
            [
                137.7140625,
                132.121875,
                126.8421875
            ],
            [
                118.44308035714286,
                130.65959821428572,
                126.80044642857143
            ],
            [
                124.60513392857143,
                130.75982142857143,
                126.82075892857142
            ],
            [
                142.36049107142858,
                132.4796875,
                127.5984375
            ]
        ],
        "4": [
            [
                141.803125,
                133.79910714285714,
                128.89732142857142
            ],
            [
                118.6625,
                130.5453125,
                126.81875
            ],
            [
                121.21026785714285,
                130.6247767857143,
                126.67321428571428
            ],
            [
                137.63861607142857,
                132.05625,
                126.74151785714285
            ],
            [
                118.51116071428571,
                130.52276785714287,
                126.65290178571429
            ],
            [
                126.03058035714285,
                130.82366071428572,
                126.90290178571429
            ],
            [
                141.75178571428572,
                132.365625,
                127.50133928571428
            ]
        ],
        "5": [
            [
                141.45491071428572,
                133.88995535714287,
                128.99665178571428
            ],
            [
                118.75022321428571,
                130.48616071428572,
                126.7421875
            ],
            [
                122.32299107142858,
                130.6939732142857,
                126.74709821428571
            ],
            [
                138.67924107142858,
                132.23928571428573,
                126.96517857142857
            ],
            [
                119.18861607142857,
                130.7892857142857,
                126.97098214285714
            ],
            [
                125.2265625,
                130.69575892857142,
                126.73616071428572
            ],
            [
                142.95892857142857,
                133.00848214285713,
                128.140625
            ]
        ],
        "6": [
            [
                141.50513392857144,
                134.42433035714285,
                129.45714285714286
            ],
            [
                119.315625,
                130.60491071428572,
                126.89419642857143
            ],
            [
                126.03058035714285,
                130.82366071428572,
                126.90290178571429
            ]
        ],
        "7": [],
        "8": []
    }
}