{
    "strip_lab_values": {
        "1": [
            [
                144.82745535714287,
                129.62120535714286,
                127.89464285714286
            ],
            [
                150.90870535714285,
                130.840625,
                128.17790178571428
            ],
            [
                149.71629464285715,
                130.74888392857142,
                128.06294642857142
            ],
            [
                150.34263392857142,
                130.740625,
                128.12209821428573
            ],
            [
                149.88191964285716,
                130.76517857142858,
                128.13683035714286
            ],
            [
                145.29196428571427,
                129.5609375,
                127.759375
            ],
            [
                148.76473214285716,
                130.72433035714286,
                127.99508928571429
            ]
        ],
        "2": [
            [
                144.3607142857143,
                129.6872767857143,
                127.91808035714286
            ],
            [
                150.90870535714285,
                130.840625,
                128.17790178571428
            ],
            [
                150.84129464285715,
                130.72366071428573,
                128.0703125
            ],
            [
                149.68035714285713,
                130.72321428571428,
                128.12544642857142
            ],
            [
                149.88191964285716,
                130.76517857142858,
                128.13683035714286
            ],
            [
                144.428125,
                129.87857142857143,
                127.85379464285714
            ],
            [
                148.76473214285716,
                130.72433035714286,
                127.99508928571429
            ]
        ],
        "3": [
            [
                143.95848214285715,
                129.55691964285714,
                127.86428571428571
            ],
            [
                151.0453125,
                130.81138392857142,
                128.19129464285714
            ],
            [
                150.84129464285715,
                130.72366071428573,
                128.0703125
            ],
            [
                149.68035714285713,
                130.72321428571428,
                128.12544642857142
            ],
            [
                150.90446428571428,
                130.74263392857142,
                128.14441964285714
            ],
            [
                148.76473214285716,
                130.72433035714286,
                127.99508928571429
            ]
        ],
        "4": [
            [
                151.8658482142857,
                130.21383928571427,
                128.08794642857143
            ],
            [
                149.45982142857142,
                130.01919642857143,
                127.89665178571428
            ],
            [
                151.34084821428573,
                130.05870535714286,
                127.98549107142857
            ],
            [
                151.3970982142857,
                130.16183035714286,
                128.03794642857142
            ],
            [
                149.75535714285715,
                129.97991071428572,
                127.8515625
            ]
        ],
        "5": [],
        "6": [],
        "7": [],
        "8": []
    }
}