{
    "strip_lab_values": {
        "1": [
            [
                139.34553571428572,
                123.7359375,
                130.13616071428572
            ],
            [
                139.34553571428572,
                123.7359375,
                130.13616071428572
            ],
            [
                139.34553571428572,
                123.7359375,
                130.13616071428572
            ],
            [
                139.34553571428572,
                123.7359375,
                130.13616071428572
            ],
            [
                139.34553571428572,
                123.7359375,
                130.13616071428572
            ],
            [
                139.34553571428572,
                123.7359375,
                130.13616071428572
            ],
            [
                139.34553571428572,
                123.7359375,
                130.13616071428572
            ],
            [
                139.34553571428572,
                123.7359375,
                130.13616071428572
            ],
            [
                139.34553571428572,
                123.7359375,
                130.13616071428572
            ],
            [
                139.34553571428572,
                123.7359375,
                130.13616071428572
            ],
            [
                139.34553571428572,
                123.7359375,
                130.13616071428572
            ]
        ],
        "2": [
            [
                146.27388392857142,
                127.05245535714286,
                129.97879464285714
            ],
            [
                146.27388392857142,
                127.05245535714286,
                129.97879464285714
            ],
            [
                146.27388392857142,
                127.05245535714286,
                129.97879464285714
            ],
            [
                146.27388392857142,
                127.05245535714286,
                129.97879464285714
            ],
            [
                146.27388392857142,
                127.05245535714286,
                129.97879464285714
            ],
            [
                146.27388392857142,
                127.05245535714286,
                129.97879464285714
            ],
            [
                146.27388392857142,
                127.05245535714286,
                129.97879464285714
            ],
            [
                146.27388392857142,
                127.05245535714286,
                129.97879464285714
            ],
            [
                146.27388392857142,
                127.05245535714286,
                129.97879464285714
            ],
            [
                146.27388392857142,
                127.05245535714286,
                129.97879464285714
            ],
            [
                146.27388392857142,
                127.05245535714286,
                129.97879464285714
            ]
        ],
        "3": [
            [
                154.2966517857143,
                128.46495535714286,
                129.396875
            ],
            [
                154.2966517857143,
                128.46495535714286,
                129.396875
            ],
            [
                154.2966517857143,
                128.46495535714286,
                129.396875
            ],
            [
                154.2966517857143,
                128.46495535714286,
                129.396875
            ],
            [
                154.2966517857143,
                128.46495535714286,
                129.396875
            ],
            [
                154.2966517857143,
                128.46495535714286,
                129.396875
            ],
            [
                154.2966517857143,
                128.46495535714286,
                129.396875
            ],
            [
                154.2966517857143,
                128.46495535714286,
                129.396875
            ],
            [
                154.2966517857143,
                128.46495535714286,
                129.396875
            ],
            [
                154.2966517857143,
                128.46495535714286,
                129.396875
            ],
            [
                154.2966517857143,
                128.46495535714286,
                129.396875
            ]
        ],
        "4": [
            [
                160.79955357142856,
                128.3189732142857,
                130.00669642857142
            ],
            [
                160.79955357142856,
                128.3189732142857,
                130.00669642857142
            ],
            [
                160.79955357142856,
                128.3189732142857,
                130.00669642857142
            ],
            [
                160.79955357142856,
                128.3189732142857,
                130.00669642857142
            ],
            [
                160.79955357142856,
                128.3189732142857,
                130.00669642857142
            ],
            [
                160.79955357142856,
                128.3189732142857,
                130.00669642857142
            ],
            [
                160.79955357142856,
                128.3189732142857,
                130.00669642857142
            ],
            [
                160.79955357142856,
                128.3189732142857,
                130.00669642857142
            ],
            [
                160.79955357142856,
                128.3189732142857,
                130.00669642857142
            ],
            [
                160.79955357142856,
                128.3189732142857,
                130.00669642857142
            ],
            [
                160.79955357142856,
                128.3189732142857,
                130.00669642857142
            ]
        ],
        "5": [
            [
                145.36316964285714,
                127.68883928571428,
                130.1720982142857
            ],
            [
                145.36316964285714,
                127.68883928571428,
                130.1720982142857
            ],
            [
                145.36316964285714,
                127.68883928571428,
                130.1720982142857
            ],
            [
                145.36316964285714,
                127.68883928571428,
                130.1720982142857
            ],
            [
                145.36316964285714,
                127.68883928571428,
                130.1720982142857
            ],
            [
                145.36316964285714,
                127.68883928571428,
                130.1720982142857
            ],
            [
                145.36316964285714,
                127.68883928571428,
                130.1720982142857
            ],
            [
                145.36316964285714,
                127.68883928571428,
                130.1720982142857
            ],
            [
                145.36316964285714,
                127.68883928571428,
                130.1720982142857
            ],
            [
                145.36316964285714,
                127.68883928571428,
                130.1720982142857
            ],
            [
                145.36316964285714,
                127.68883928571428,
                130.1720982142857
            ]
        ],