{
    "strip_lab_values": {
        "1": [
            [
                8.1296875,
                128.02276785714287,
                127.72879464285714
            ],
            [
                8.353125,
                128.06964285714287,
                127.51986607142857
            ]
        ],
        "2": [
            [
                8.1296875,
                128.02276785714287,
                127.72879464285714
            ],
            [
                7.9912946428571425,
                128.21651785714286,
                127.20513392857143
            ]
        ],
        "3": [
            [
                8.1296875,
                128.02276785714287,
                127.72879464285714
            ],
            [
                8.061607142857143,
                128.20803571428573,
                127.19642857142857
            ]
        ],
        "4": [
            [
                8.1296875,
                128.02276785714287,
                127.72879464285714
            ],
            [
                8.205803571428572,
                128.19598214285713,
                127.17723214285714
            ]
        ],
        "5": [
            [
                8.1296875,
                128.02276785714287,
                127.72879464285714
            ],
            [
                8.135267857142857,
                128.16116071428573,
                127.17321428571428
            ]
        ],
        "6": [
            [
                8.1296875,
                128.02276785714287,
                127.72879464285714
            ],
            [
                8.253348214285714,
                128.203125,
                127.18526785714286
            ]
        ],
        "7": [
            [
                8.1296875,
                128.02276785714287,
                127.72879464285714
            ],
            [
                7.9912946428571425,
                128.21651785714286,
                127.20513392857143
            ]
        ],
        "8": [
            [
                8.1296875,
                128.02276785714287,
                127.72879464285714
            ]
        ]
    }
}