{
    "strip_lab_values": {
        "1": [
            [
                49.06428571428572,
                130.86183035714285,
                130.90669642857142
            ],
            [
                36.168080357142856,
                129.36227678571427,
                129.87321428571428
            ],
            [
                24.284151785714286,
                130.47544642857142,
                128.16584821428572
            ],
            [
                20.506473214285716,
                129.8294642857143,
                128.2890625
            ],
            [
                28.681026785714284,
                131.45379464285713,
                128.203125
            ]
        ],
        "2": [
            [
                49.40044642857143,
                130.83705357142858,
                130.909375
            ],
            [
                36.25691964285714,
                129.31316964285713,
                129.86651785714287
            ],
            [
                24.284151785714286,
                130.47544642857142,
                128.16584821428572
            ],
            [
                20.506473214285716,
                129.8294642857143,
                128.2890625
            ],
            [
                27.357589285714287,
                131.09441964285713,
                127.990625
            ]
        ],
        "3": [
            [
                48.918973214285714,
                130.85758928571428,
                130.8671875
            ],
            [
                35.96183035714286,
                129.34375,
                129.81584821428572
            ],
            [
                24.284151785714286,
                130.47544642857142,
                128.16584821428572
            ],
            [
                20.506473214285716,
                129.8294642857143,
                128.2890625
            ],
            [
                27.357589285714287,
                131.09441964285713,
                127.990625
            ]
        ],
        "4": [
            [
                46.158482142857146,
                131.37142857142857,
                131.32723214285716
            ],
            [
                35.95982142857143,
                129.46763392857142,
                129.83214285714286
            ],
            [
                24.284151785714286,
                130.47544642857142,
                128.16584821428572
            ],
            [
                20.506473214285716,
                129.8294642857143,
                128.2890625
            ],
            [
                27.357589285714287,
                131.09441964285713,
                127.990625
            ]
        ],
        "5": [
            [
                46.02165178571428,
                131.39776785714287,
                131.34754464285714
            ],
            [
                35.65647321428571,
                129.46473214285714,
                129.83392857142857
            ],
            [
                24.284151785714286,
                130.47544642857142,
                128.16584821428572
            ],
            [
                20.506473214285716,
                129.8294642857143,
                128.2890625
            ],
            [
                27.357589285714287,
                131.09441964285713,
                127.990625
            ]
        ],
        "6": [
            [
                35.95982142857143,
                129.46763392857142,
                129.83214285714286
            ],
            [
                24.284151785714286,
                130.47544642857142,
                128.16584821428572
            ],
            [
                20.447321428571428,
                129.81875,
                128.31540178571427
            ],
            [
                27.357589285714287,
                131.09441964285713,
                127.990625
            ]
        ],
        "7": [
            [
                35.96183035714286,
                129.34375,
                129.81584821428572
            ],
            [
                24.284151785714286,
                130.47544642857142,
                128.16584821428572
            ],
            [
                20.447321428571428,
                129.81875,
                128.31540178571427
            ],
            [
                27.357589285714287,
                131.09441964285713,
                127.990625
            ]
        ],
        "8": [
            [
                36.23482142857143,
                129.32232142857143,
                129.87924107142857
            ],
            [
                24.284151785714286,
                130.47544642857142,
                128.16584821428572
            ],
            [
                20.447321428571428,
                129.81875,
                128.31540178571427
            ],
            [
                27.357589285714287,
                131.09441964285713,
                127.990625
            ]
        ]
    }
}