{
    "strip_lab_values": {
        "1": [
            [
                116.27633928571429,
                129.01183035714286,
                117.94174107142857
            ],
            [
                116.27633928571429,
                129.01183035714286,
                117.94174107142857
            ],
            [
                116.27633928571429,
                129.01183035714286,
                117.94174107142857
            ]
        ],
        "2": [
            [
                123.95,
                129.41785714285714,
                117.6625
            ],
            [
                123.95,
                129.41785714285714,
                117.6625
            ],
            [
                123.95,
                129.41785714285714,
                117.6625
            ]
        ],
        "3": [
            [
                129.60111607142858,
                129.71316964285714,
                117.29799107142857
            ],
            [
                129.60111607142858,
                129.71316964285714,
                117.29799107142857
            ],
            [
                129.60111607142858,
                129.71316964285714,
                117.29799107142857
            ]
        ],
        "4": [
            [
                135.02522321428572,
                130.14910714285713,
                117.71495535714286
            ],
            [
                135.02522321428572,
                130.14910714285713,
                117.71495535714286
            ],
            [
                135.02522321428572,
                130.14910714285713,
                117.71495535714286
            ]
        ],
        "5": [
            [
                134.95558035714285,
                130.13549107142856,
                117.66138392857142
            ],
            [
                134.95558035714285,
                130.13549107142856,
                117.66138392857142
            ],
            [
                134.95558035714285,
                130.13549107142856,
                117.66138392857142
            ]
        ],
        "6": [
            [
                128.04196428571427,
                129.87232142857144,
                117.75602678571428
            ],
            [
                128.04196428571427,
                129.87232142857144,
                117.75602678571428
            ],
            [
                128.04196428571427,
                129.87232142857144,
                117.75602678571428
            ]
        ],
        "7": [
            [
                120.76428571428572,
                129.52879464285715,
                116.80602678571428
            ],
            [
                120.76428571428572,
                129.52879464285715,
                116.80602678571428
            ],
            [
                120.76428571428572,
                129.52879464285715,
                116.80602678571428
            ]
        ],
        "8": [
            [
                122.9203125,
                129.640625,
                116.4640625
            ],
            [
                122.9203125,
                129.640625,
                116.4640625
            ],
            [
                122.9203125,
                129.640625,
                116.4640625
            ]
        ]
    }
}