{
    "strip_lab_values": {
        "1": [
            [
                141.5392857142857,
                130.6640625,
                128.575
            ],
            [
                140.59308035714287,
                130.6638392857143,
                128.6872767857143
            ],
            [
                141.55357142857142,
                130.49955357142858,
                128.584375
            ],
            [
                141.44642857142858,
                130.60424107142856,
                128.80580357142858
            ],
            [
                140.56540178571427,
                130.47366071428573,
                128.66116071428573
            ],
            [
                140.39308035714285,
                130.57879464285713,
                128.64508928571428
            ]
        ],
        "2": [
            [
                141.73482142857142,
                130.8703125,
                128.82991071428572
            ],
            [
                141.04508928571428,
                130.8484375,
                128.8953125
            ],
            [
                141.14174107142858,
                130.79241071428572,
                128.90580357142858
            ],
            [
                141.8111607142857,
                130.8591517857143,
                129.03348214285714
            ],
            [
                141.2703125,
                130.68348214285714,
                128.89620535714286
            ],
            [
                140.5779017857143,
                130.77767857142857,
                128.83392857142857
            ]
        ],
        "3": [
            [
                141.98348214285716,
                131.0828125,
                129.07098214285713
            ],
            [
                141.04977678571427,
                131.1013392857143,
                129.115625
            ],
            [
                140.99017857142857,
                131.00982142857143,
                129.13370535714284
            ],
            [
                141.8111607142857,
                130.8591517857143,
                129.03348214285714
            ],
            [
                141.28995535714284,
                130.90066964285714,
                129.1252232142857
            ],
            [
                140.76138392857143,
                131.00848214285713,
                129.05357142857142
            ]
        ],
        "4": [
            [
                141.98348214285716,
                131.0828125,
                129.07098214285713
            ],
            [
                141.04977678571427,
                131.1013392857143,
                129.115625
            ],
            [
                141.71651785714286,
                130.89754464285716,
                129.0236607142857
            ],
            [
                141.8111607142857,
                130.8591517857143,
                129.03348214285714
            ],
            [
                141.28995535714284,
                130.90066964285714,
                129.1252232142857
            ],
            [
                140.76138392857143,
                131.00848214285713,
                129.05357142857142
            ]
        ],
        "5": [
            [
                141.73482142857142,
                130.8703125,
                128.82991071428572
            ],
            [
                141.4763392857143,
                130.97410714285715,
                129.009375
            ],
            [
                141.14174107142858,
                130.79241071428572,
                128.90580357142858
            ],
            [
                140.53504464285714,
                130.48839285714286,
                128.6783482142857
            ],
            [
                141.2703125,
                130.68348214285714,
                128.89620535714286
            ],
            [
                140.85334821428572,
                130.89263392857143,
                128.9439732142857
            ]
        ],
        "6": [
            [
                141.87232142857144,
                131.18571428571428,
                129.16941964285715
            ],
            [
                141.0064732142857,
                130.74107142857142,
                128.79017857142858
            ],
            [
                141.67455357142856,
                130.67879464285716,
                128.7921875
            ],
            [
                142.02075892857144,
                131.22834821428572,
                129.28459821428572
            ],
            [
                141.46808035714287,
                131.08147321428572,
                129.29441964285715
            ],
            [
                141.33928571428572,
                131.21584821428573,
                129.23080357142857
            ]
        ],
        "7": [
            [
                141.04977678571427,
                131.1013392857143,
                129.115625
            ],
            [
                141.52633928571427,
                131.2265625,
                129.2799107142857
            ]
        ],
        "8": []
    }
}