{
    "strip_lab_values": {
        "1": [
            [
                194.09575892857143,
                130.12723214285714,
                130.58549107142858
            ],
            [
                193.97276785714286,
                130.14241071428572,
                130.49285714285713
            ],
            [
                193.91294642857142,
                130.11897321428572,
                130.55178571428573
            ],
            [
                193.76138392857143,
                130.09620535714285,
                130.5470982142857
            ],
            [
                193.9171875,
                130.26473214285716,
                130.38616071428572
            ]
        ],
        "2": [
            [
                141.8328125,
                131.65401785714286,
                127.18102678571428
            ],
            [
                140.0375,
                131.62991071428573,
                127.15379464285714
            ],
            [
                140.28370535714285,
                131.590625,
                127.10558035714286
            ],
            [
                139.96272321428572,
                131.55691964285714,
                127.09598214285714
            ],
            [
                141.4154017857143,
                131.70982142857142,
                127.15334821428571
            ]
        ],
        "3": [
            [
                139.525,
                131.2359375,
                126.8453125
            ],
            [
                138.25714285714287,
                131.31473214285714,
                126.88415178571428
            ],
            [
                137.60200892857142,
                131.21316964285714,
                126.76785714285714
            ],
            [
                138.49017857142857,
                131.19040178571427,
                126.79598214285714
            ],
            [
                139.4328125,
                131.303125,
                126.8
            ]
        ],
        "4": [
            [
                139.525,
                131.2359375,
                126.8453125
            ],
            [
                138.32388392857143,
                131.22991071428572,
                126.81227678571429
            ],
            [
                137.60200892857142,
                131.21316964285714,
                126.76785714285714
            ],
            [
                138.49017857142857,
                131.19040178571427,
                126.79598214285714
            ],
            [
                139.4328125,
                131.303125,
                126.8
            ]
        ],
        "5": [
            [
                138.64620535714286,
                131.16227678571428,
                126.79308035714286
            ],
            [
                138.32388392857143,
                131.22991071428572,
                126.81227678571429
            ],
            [
                136.63973214285716,
                131.14107142857142,
                126.70669642857143
            ],
            [
                138.21763392857142,
                131.11607142857142,
                126.7484375
            ],
            [
                138.68348214285714,
                131.2189732142857,
                126.72857142857143
            ]
        ],
        "6": [],
        "7": [],
        "8": []
    }
}