{
    "strip_lab_values": {
        "1": [
            [
                125.77291666666666,
                128.34270833333332,
                127.24739583333333
            ],
            [
                125.77291666666666,
                128.34270833333332,
                127.24739583333333
            ],
            [
                125.77291666666666,
                128.34270833333332,
                127.24739583333333
            ],
            [
                125.77291666666666,
                128.34270833333332,
                127.24739583333333
            ],
            [
                125.77291666666666,
                128.34270833333332,
                127.24739583333333
            ],
            [
                125.77291666666666,
                128.34270833333332,
                127.24739583333333
            ],
            [
                125.77291666666666,
                128.34270833333332,
                127.24739583333333
            ]
        ],
        "2": [
            [
                143.36302083333334,
                129.16484375,
                127.78880208333334
            ],
            [
                143.36302083333334,
                129.16484375,
                127.78880208333334
            ],
            [
                143.36302083333334,
                129.16484375,
                127.78880208333334
            ],
            [
                143.36302083333334,
                129.16484375,
                127.78880208333334
            ],
            [
                143.36302083333334,
                129.16484375,
                127.78880208333334
            ],
            [
                143.36302083333334,
                129.16484375,
                127.78880208333334
            ],
            [
                143.36302083333334,
                129.16484375,
                127.78880208333334
            ]
        ],
        "3": [
            [
                161.7515625,
                129.23203125,
                126.61458333333333
            ],
            [
                161.7515625,
                129.23203125,
                126.61458333333333
            ],
            [
                161.7515625,
                129.23203125,
                126.61458333333333
            ],
            [
                161.7515625,
                129.23203125,
                126.61458333333333
            ],
            [
                161.7515625,
                129.23203125,
                126.61458333333333
            ],
            [
                161.7515625,
                129.23203125,
                126.61458333333333
            ],
            [
                161.7515625,
                129.23203125,
                126.61458333333333
            ]
        ],
        "4": [
            [
                160.34244791666666,
                130.99010416666667,
                129.94088541666667
            ],
            [
                160.34244791666666,
                130.99010416666667,
                129.94088541666667
            ],
            [
                160.34244791666666,
                130.99010416666667,
                129.94088541666667
            ],
            [
                160.34244791666666,
                130.99010416666667,
                129.94088541666667
            ],
            [
                160.34244791666666,
                130.99010416666667,
                129.94088541666667
            ],
            [
                160.34244791666666,
                130.99010416666667,
                129.94088541666667
            ],
            [
                160.34244791666666,
                130.99010416666667,
                129.94088541666667
            ]
        ],
        "5": [
            [
                161.70677083333334,
                130.04739583333333,
                127.5890625
            ],
            [
                161.70677083333334,
                130.04739583333333,
                127.5890625
            ],
            [
                161.70677083333334,
                130.04739583333333,
                127.5890625
            ],
            [
                161.70677083333334,
                130.04739583333333,
                127.5890625
            ],
            [
                161.70677083333334,
                130.04739583333333,
                127.5890625
            ],
            [
                161.70677083333334,
                130.04739583333333,
                127.5890625
            ],
            [
                161.70677083333334,
                130.04739583333333,
                127.5890625
            ]
        ],
        "6": [
            [
                152.76666666666668,
                129.6328125,
                127.459375
            ],
            [
                152.76666666666668,
                129.6328125,
                127.459375
            ],
            [
                152.76666666666668,
                129.6328125,
                127.459375
            ],
            [
                152.76666666666668,
                129.6328125,
                127.459375
            ],
            [
                152.76666666666668,
                129.6328125,
                127.459375
            ],
            [
                152.76666666666668,
                129.6328125,
                127.459375
            ],
            [
                152.76666666666668,
                129.6328125,
                127.459375
            ]
        ],
        "7": [
            [
                138.0421875,
                129.20677083333334,
                127.10963541666666
            ],
            [
                138.0421875,
                129.20677083333334,
                127.10963541666666
            ],
            [
                138.0421875,
                129.20677083333334,
                127.10963541666666
            ],
            [
                138.0421875,
                129.20677083333334,
                127.10963541666666
            ],
            [
                138.0421875,
                129.20677083333334,
                127.10963541666666
            ],
            [
                138.0421875,
                129.20677083333334,
                127.10963541666666
            ],
            [
                138.0421875,
                129.20677083333334,
                127.10963541666666
            ]
        ],
        "8": [
            [
                129.62161458333333,
                129.5921875,
                127.06171875
            ],
            [
                129.62161458333333,
                129.5921875,
                127.06171875
            ],
            [
                129.62161458333333,
                129.5921875,
                127.06171875
            ],
            [
                129.62161458333333,
                129.5921875,
                127.06171875
            ],
            [
                129.62161458333333,
                129.5921875,
                127.06171875
            ],
            [
                129.62161458333333,
                129.5921875,
                127.06171875
            ],
            [
                129.62161458333333,
                129.5921875,
                127.06171875
            ]
        ]
    }
}