{
    "strip_lab_values": {
        "1": [
            [
                160.80424107142858,
                128.55825892857143,
                128.5404017857143
            ],
            [
                160.21339285714285,
                128.56361607142858,
                129.20379464285713
            ],
            [
                160.41986607142857,
                128.59754464285714,
                129.12991071428573
            ],
            [
                160.34888392857144,
                128.55066964285714,
                128.55424107142858
            ],
            [
                162.52120535714286,
                128.64598214285715,
                128.4075892857143
            ],
            [
                160.7658482142857,
                128.57611607142857,
                128.49888392857142
            ],
            [
                159.49107142857142,
                128.64933035714284,
                129.08080357142856
            ],
            [
                159.83660714285713,
                128.78236607142858,
                129.07633928571428
            ]
        ],
        "2": [
            [
                161.02767857142857,
                128.54486607142857,
                128.54375
            ],
            [
                160.37165178571428,
                128.58058035714285,
                129.21004464285716
            ],
            [
                161.00424107142857,
                128.50558035714286,
                129.1953125
            ],
            [
                160.29263392857143,
                128.52433035714284,
                128.56540178571427
            ],
            [
                162.52433035714284,
                128.63794642857144,
                128.41450892857142
            ],
            [
                160.99598214285714,
                128.56674107142857,
                128.51004464285714
            ],
            [
                159.6404017857143,
                128.56763392857144,
                129.12410714285716
            ],
            [
                160.0,
                128.78816964285716,
                129.04754464285713
            ]
        ],
        "3": [
            [
                161.01294642857144,
                128.51741071428572,
                128.57366071428572
            ],
            [
                160.48660714285714,
                128.42075892857142,
                129.20647321428572
            ],
            [
                160.99933035714287,
                128.48816964285714,
                129.20133928571428
            ],
            [
                160.28794642857142,
                128.50491071428573,
                128.57991071428572
            ],
            [
                162.1515625,
                128.64352678571427,
                128.40535714285716
            ],
            [
                160.85625,
                128.5578125,
                128.52053571428573
            ],
            [
                159.55959821428573,
                128.55758928571427,
                129.13348214285713
            ],
            [
                159.94174107142857,
                128.78125,
                129.03950892857142
            ]
        ],
        "4": [
            [
                160.71004464285716,
                128.50602678571428,
                128.59129464285715
            ],
            [
                160.85848214285716,
                128.51785714285714,
                129.20647321428572
            ],
            [
                160.86517857142857,
                128.55089285714286,
                129.16316964285716
            ],
            [
                160.36183035714285,
                128.50491071428573,
                128.58504464285716
            ],
            [
                162.3060267857143,
                128.62232142857144,
                128.44241071428573
            ],
            [
                161.12544642857142,
                128.5091517857143,
                128.60602678571428
            ],
            [
                159.40669642857142,
                128.64754464285716,
                129.08236607142857
            ],
            [
                160.51495535714287,
                128.7296875,
                129.09553571428572
            ]
        ],
        "5": [
            [
                161.121875,
                128.53348214285714,
                128.553125
            ],
            [
                160.70044642857144,
                128.55803571428572,
                129.2078125
            ],
            [
                160.41986607142857,
                128.59754464285714,
                129.12991071428573
            ],
            [
                160.20223214285716,
                128.51517857142858,
                128.571875
            ],
            [
                162.1515625,
                128.64352678571427,
                128.40535714285716
            ],
            [
                161.0470982142857,
                128.54866071428572,
                128.53571428571428
            ],
            [
                159.49107142857142,
                128.64933035714284,
                129.08080357142856
            ],
            [
                159.7486607142857,
                128.78169642857142,
                129.04196428571427
            ]
        ],
        "6": [
            [
                161.02767857142857,
                128.54486607142857,
                128.54375
            ],
            [
                160.37165178571428,
                128.58058035714285,
                129.21004464285716
            ],
            [
                160.45736607142857,
                128.60691964285715,
                129.134375
            ],
            [
                160.29263392857143,
                128.52433035714284,
                128.56540178571427
            ],
            [
                162.646875,
                128.63995535714287,
                128.41026785714286
            ],
            [
                160.85625,
                128.5578125,
                128.52053571428573
            ],
            [
                159.49107142857142,
                128.64933035714284,
                129.08080357142856
            ],
            [
                160.0,
                128.78816964285716,
                129.04754464285713
            ]
        ],
        "7": [
            [
                161.05290178571428,
                128.55357142857142,
                128.5404017857143
            ],
            [
                160.37165178571428,
                128.58058035714285,
                129.21004464285716
            ],
            [
                160.41986607142857,
                128.59754464285714,
                129.12991071428573
            ],
            [
                159.96517857142857,
                128.54352678571428,
                128.55803571428572
            ],
            [
                162.52120535714286,
                128.64598214285715,
                128.4075892857143
            ],
            [
                160.99598214285714,
                128.56674107142857,
                128.51004464285714
            ],
            [
                159.58415178571428,
                128.671875,
                129.0861607142857
            ],
            [
                159.82232142857143,
                128.78348214285714,
                129.04888392857143
            ]
        ],