{
    "strip_lab_values": {
        "1": [
            [
                6.010044642857143,
                128.69196428571428,
                127.65401785714286
            ],
            [
                9.6796875,
                128.33214285714286,
                127.4375
            ],
            [
                9.975892857142858,
                129.15267857142857,
                126.28571428571429
            ],
            [
                10.099107142857143,
                129.38035714285715,
                126.23616071428572
            ],
            [
                6.017410714285714,
                128.67276785714284,
                127.66361607142858
            ],
            [
                10.350446428571429,
                128.41160714285715,
                127.46517857142857
            ],
            [
                9.978571428571428,
                128.56071428571428,
                126.78683035714286
            ],
            [
                10.144196428571428,
                129.4294642857143,
                126.19732142857143
            ],
            [
                6.011607142857143,
                128.61294642857143,
                127.69352678571428
            ],
            [
                10.211607142857142,
                129.025,
                126.40602678571429
            ],
            [
                10.216517857142858,
                129.32589285714286,
                126.24955357142858
            ],
            [
                9.8609375,
                128.4388392857143,
                126.9796875
            ],
            [
                10.419419642857143,
                129.5075892857143,
                126.17589285714286
            ],
            [
                6.045758928571429,
                128.7875,
                127.60580357142857
            ]
        ],
        "2": [
            [
                6.008928571428571,
                128.5857142857143,
                127.70714285714286
            ],
            [
                9.6796875,
                128.33214285714286,
                127.4375
            ],
            [
                9.975892857142858,
                129.15267857142857,
                126.28571428571429
            ],
            [
                10.099107142857143,
                129.38035714285715,
                126.23616071428572
            ],
            [
                6.0051339285714285,
                128.49330357142858,
                127.75334821428571
            ],
            [
                10.350446428571429,
                128.41160714285715,
                127.46517857142857
            ],
            [
                9.978571428571428,
                128.56071428571428,
                126.78683035714286
            ],
            [
                10.144196428571428,
                129.4294642857143,
                126.19732142857143
            ],
            [
                6.009598214285714,
                128.77008928571428,
                127.61495535714286
            ],
            [
                10.211607142857142,
                129.025,
                126.40602678571429
            ],
            [
                10.216517857142858,
                129.32589285714286,
                126.24955357142858
            ],
            [
                9.8609375,
                128.4388392857143,
                126.9796875
            ],
            [
                10.419419642857143,
                129.5075892857143,
                126.17589285714286
            ],
            [
                6.013616071428571,
                128.55714285714285,
                127.72142857142858
            ]
        ],
        "3": [
            [
                6.005357142857143,
                128.828125,
                127.5859375
            ],
            [
                9.6796875,
                128.33214285714286,
                127.4375
            ],
            [
                9.975892857142858,
                129.15267857142857,
                126.28571428571429
            ],
            [
                10.099107142857143,
                129.38035714285715,
                126.23616071428572
            ],
            [
                6.0051339285714285,
                128.61294642857143,
                127.69352678571428
            ],
            [
                10.350446428571429,
                128.41160714285715,
                127.46517857142857
            ],
            [
                9.978571428571428,
                128.56071428571428,
                126.78683035714286
            ],
            [
                10.144196428571428,
                129.4294642857143,
                126.19732142857143
            ],
            [
                6.0026785714285715,
                128.54598214285716,
                127.72700892857142
            ],
            [
                10.211607142857142,
                129.025,
                126.40602678571429
            ],
            [
                10.216517857142858,
                129.32589285714286,
                126.24955357142858
            ],
            [
                9.8609375,
                128.4388392857143,
                126.9796875
            ],
            [
                10.419419642857143,
                129.5075892857143,
                126.17589285714286
            ],
            [
                6.0109375,
                128.55133928571428,
                127.72433035714286
            ]
        ],
        "4": [
            [
                6.005357142857143,
                128.828125,
                127.5859375
            ],
            [
                9.6796875,
                128.33214285714286,
                127.4375
            ],
            [
                9.975892857142858,
                129.15267857142857,
                126.28571428571429
            ],
            [
                10.099107142857143,
                129.38035714285715,
                126.23616071428572
            ],
            [
                10.350446428571429,
                128.41160714285715,
                127.46517857142857
            ],
            [
                9.978571428571428,
                128.56071428571428,
                126.78683035714286
            ],
            [
                10.144196428571428,
                129.4294642857143,
                126.19732142857143
            ],
            [
                6.017410714285714,
                128.80044642857143,
                127.59977678571428
            ],
            [
                10.211607142857142,
                129.025,
                126.40602678571429
            ],
            [
                10.216517857142858,
                129.32589285714286,
                126.24955357142858
            ],
            [
                9.8609375,
                128.4388392857143,
                126.9796875
            ],
            [
                10.419419642857143,
                129.5075892857143,
                126.17589285714286
            ]
        ],