{
    "strip_lab_values": {
        "1": [
            [
                8.086160714285715,
                127.99419642857143,
                127.83616071428571
            ],
            [
                8.279241071428572,
                128.10223214285713,
                127.4578125
            ],
            [
                7.857366071428571,
                128.05401785714287,
                127.47232142857143
            ],
            [
                7.639285714285714,
                128.02633928571427,
                127.7859375
            ],
            [
                8.637276785714286,
                127.98482142857142,
                127.93191964285714
            ],
            [
                7.522098214285714,
                127.97857142857143,
                128.0310267857143
            ],
            [
                8.213839285714286,
                128.08705357142858,
                127.56361607142857
            ],
            [
                7.795089285714286,
                127.96473214285714,
                128.03839285714287
            ]
        ],
        "2": [
            [
                8.086160714285715,
                127.99419642857143,
                127.83616071428571
            ],
            [
                8.279241071428572,
                128.10223214285713,
                127.4578125
            ],
            [
                8.488392857142857,
                128.25848214285713,
                126.95714285714286
            ],
            [
                8.225223214285714,
                128.2825892857143,
                126.8984375
            ],
            [
                7.957589285714286,
                128.09910714285715,
                127.53660714285714
            ],
            [
                7.522098214285714,
                127.97857142857143,
                128.0310267857143
            ],
            [
                8.213839285714286,
                128.08705357142858,
                127.56361607142857
            ],
            [
                8.209598214285714,
                127.98303571428572,
                128.0236607142857
            ]
        ],
        "3": [
            [
                8.086160714285715,
                127.99419642857143,
                127.83616071428571
            ],
            [
                8.279241071428572,
                128.10223214285713,
                127.4578125
            ],
            [
                8.3359375,
                128.2732142857143,
                126.90133928571429
            ],
            [
                7.914732142857143,
                128.16473214285713,
                127.2671875
            ],
            [
                7.957589285714286,
                128.09910714285715,
                127.53660714285714
            ],
            [
                7.522098214285714,
                127.97857142857143,
                128.0310267857143
            ],
            [
                8.213839285714286,
                128.08705357142858,
                127.56361607142857
            ],
            [
                7.881473214285714,
                127.99375,
                127.97477678571428
            ]
        ],
        "4": [
            [
                8.086160714285715,
                127.99419642857143,
                127.83616071428571
            ],
            [
                8.279241071428572,
                128.10223214285713,
                127.4578125
            ],
            [
                8.196205357142857,
                128.28482142857143,
                126.91272321428572
            ],
            [
                8.225223214285714,
                128.2825892857143,
                126.8984375
            ],
            [
                7.957589285714286,
                128.09910714285715,
                127.53660714285714
            ],
            [
                7.522098214285714,
                127.97857142857143,
                128.0310267857143
            ],
            [
                8.213839285714286,
                128.08705357142858,
                127.56361607142857
            ],
            [
                8.2234375,
                127.98482142857142,
                128.02633928571427
            ]
        ],
        "5": [
            [
                8.086160714285715,
                127.99419642857143,
                127.83616071428571
            ],
            [
                8.279241071428572,
                128.10223214285713,
                127.4578125
            ],
            [
                8.058482142857143,
                128.22857142857143,
                126.94174107142857
            ],
            [
                7.914732142857143,
                128.16473214285713,
                127.2671875
            ],
            [
                7.957589285714286,
                128.09910714285715,
                127.53660714285714
            ],
            [
                7.522098214285714,
                127.97857142857143,
                128.0310267857143
            ],
            [
                8.213839285714286,
                128.08705357142858,
                127.56361607142857
            ],
            [
                8.067857142857143,
                128.01473214285716,
                127.86808035714286
            ]
        ],
        "6": [
            [
                8.086160714285715,
                127.99419642857143,
                127.83616071428571
            ],
            [
                8.279241071428572,
                128.10223214285713,
                127.4578125
            ],
            [
                8.226339285714285,
                128.27098214285715,
                126.9421875
            ],
            [
                7.859598214285715,
                128.14017857142858,
                127.31986607142858
            ],
            [
                7.957589285714286,
                128.09910714285715,
                127.53660714285714
            ],
            [
                7.522098214285714,
                127.97857142857143,
                128.0310267857143
            ],
            [
                8.213839285714286,
                128.08705357142858,
                127.56361607142857
            ],
            [
                8.2234375,
                127.98482142857142,
                128.02633928571427
            ]
        ],
        "7": [
            [
                8.086160714285715,
                127.99419642857143,
                127.83616071428571
            ],
            [
                8.279241071428572,
                128.10223214285713,
                127.4578125
            ],
            [
                8.226339285714285,
                128.27098214285715,
                126.9421875
            ],
            [
                7.992633928571428,
                128.07276785714285,
                127.54888392857143
            ],
            [
                7.980803571428571,
                128.09732142857143,
                127.52008928571429
            ],
            [
                7.522098214285714,
                127.97857142857143,
                128.0310267857143
            ],
            [
                8.213839285714286,
                128.08705357142858,
                127.56361607142857
            ],
            [
                7.921651785714285,
                127.99375,
                127.98080357142857
            ]
        ],