{
    "strip_lab_values": {
        "1": [
            [
                122.99036458333333,
                128.22630208333334,
                127.2734375
            ],
            [
                122.99036458333333,
                128.22630208333334,
                127.2734375
            ],
            [
                122.99036458333333,
                128.22630208333334,
                127.2734375
            ],
            [
                122.99036458333333,
                128.22630208333334,
                127.2734375
            ]
        ],
        "2": [
            [
                140.2828125,
                129.04635416666667,
                127.88880208333333
            ],
            [
                140.2828125,
                129.04635416666667,
                127.88880208333333
            ],
            [
                140.2828125,
                129.04635416666667,
                127.88880208333333
            ],
            [
                140.2828125,
                129.04635416666667,
                127.88880208333333
            ]
        ],
        "3": [
            [
                159.69036458333332,
                129.12734375,
                126.6546875
            ],
            [
                159.69036458333332,
                129.12734375,
                126.6546875
            ],
            [
                159.69036458333332,
                129.12734375,
                126.6546875
            ],
            [
                159.69036458333332,
                129.12734375,
                126.6546875
            ]
        ],
        "4": [
            [
                159.92942708333334,
                130.94739583333333,
                130.01171875
            ],
            [
                159.92942708333334,
                130.94739583333333,
                130.01171875
            ],
            [
                159.92942708333334,
                130.94739583333333,
                130.01171875
            ],
            [
                159.92942708333334,
                130.94739583333333,
                130.01171875
            ]
        ],
        "5": [
            [
                159.55182291666668,
                130.01328125,
                127.5875
            ],
            [
                159.55182291666668,
                130.01328125,
                127.5875
            ],
            [
                159.55182291666668,
                130.01328125,
                127.5875
            ],
            [
                159.55182291666668,
                130.01328125,
                127.5875
            ]
        ],
        "6": [
            [
                150.89427083333334,
                129.49479166666666,
                127.55859375
            ],
            [
                150.89427083333334,
                129.49479166666666,
                127.55859375
            ],
            [
                150.89427083333334,
                129.49479166666666,
                127.55859375
            ],
            [
                150.89427083333334,
                129.49479166666666,
                127.55859375
            ]
        ],
        "7": [
            [
                137.90755208333334,
                129.13828125,
                127.19166666666666
            ],
            [
                137.90755208333334,
                129.13828125,
                127.19166666666666
            ],
            [
                137.90755208333334,
                129.13828125,
                127.19166666666666
            ],
            [
                137.90755208333334,
                129.13828125,
                127.19166666666666
            ]
        ],
        "8": [
            [
                128.35651041666668,
                129.45078125,
                127.12369791666667
            ],
            [
                128.35651041666668,
                129.45078125,
                127.12369791666667
            ],
            [
                128.35651041666668,
                129.45078125,
                127.12369791666667
            ],
            [
                128.35651041666668,
                129.45078125,
                127.12369791666667
            ]
        ]
    }
}